p_bat,player_name
4185,Nathan Bracken
4433,Jeremy Bray
4451,George Bailey
4493,Dean Brownlie
4508,Doug Bollinger
4578,Michael Clarke
4582,Stuart Clark
4818,Mark Cosgrove
4864,Dan Christian
4882,Dan Cullen
5017,Xavier Doherty
5112,Brett Dorey
5236,Callum Ferguson
5334,Aaron Finch
5390,Adam Gilchrist
5392,Jason Gillespie
5472,Brett Geeves
5560,Brad Haddin
5593,Nathan Hauritz
5605,Shane Harwood
5616,Matthew Hayden
5674,Brad Hodge
5681,Brad Hogg
5702,James Hopes
5766,David Hussey
5779,Ryan Harris
5939,Michael Hussey
5941,Ben Hilfenhaus
5961,Moises Henriques
6033,Mitchell Johnson
6038,Trent Johnston
6060,Phil Jaques
6126,Michael Kasprowicz
6128,Simon Katich
6235,Jason Krejza
6278,Brett Lee
6285,Darren Lehmann
6291,Mick Lewis
6480,Graham Manou
6513,Damien Martyn
6565,Glenn McGrath
6683,Shaun Marsh
6903,Clint McKay
6943,Marcus North
6950,Brendan Nash
6981,Dirk Nannes
7133,Ricky Ponting
7252,Tim Paine
7502,Luke Ronchi
7702,Andrew Symonds
7898,Peter Siddle
8076,Shaun Tait
8119,Adam Voges
8166,Shane Warne
8180,Shane Watson
8291,Cameron White
8432,Steven Welsh
8476,Kabir Ali
8608,James Anderson
8845,Tim Ambrose
8917,Moeen Ali
9042,Gareth Batty
9062,Ian Bell
9117,Ian Blackwell
9254,Dougie Brown
9310,Tim Bresnan
10582,Ravi Bopara
10617,Stuart Broad
10656,Michael Carberry
10712,Glen Chapple
10772,Paul Collingwood
11724,Rikki Clarke
11728,Alastair Cook
11974,Jamie Dalrymple
12450,Steven Davies
12454,Joe Denly
12461,Jade Dernbach
12856,Andrew Flintoff
13368,Ashley Giles
13411,Darren Gough
14020,Gavin Hamilton
14054,Steve Harmison
14153,David Hemp
14236,Matthew Hoggard
15501,Geraint Jones
15555,Simon Jones
16281,Jon Lewis
16362,Mal Loye
16406,Michael Lumb
16932,Dimitri Mascarenhas
17134,Tim Murtagh
17185,Phil Mustard
17944,Sajid Mahmood
18023,Paul Nixon
18389,Graham Onions
18632,Samit Patel
18655,Monty Panesar
18675,Matt Prior
19264,Liam Plunkett
19276,Navdeep Poonia
19296,Kevin Pietersen
19346,Chris Read
20123,Owais Shah
20187,Ryan Sidebottom
20286,Vikram Solanki
20387,Andrew Strauss
20431,Graeme Swann
21431,Ajmal Shahzad
21440,John Simpson
21585,Marcus Trescothick
21646,James Tredwell
21650,Chris Tremlett
22144,Shaun Udal
22182,Michael Vaughan
22380,Alex Wharf
23460,Luke Wright
23523,Michael Yardy
23681,Lionel Cann
23685,Kevin Hurdle
23688,Dean Minors
23691,Clay Smith
23694,Janeiro Tucker
23700,Chris Foggo
23702,Oliver Pitcher
23704,Steven Outerbridge
23713,Hasan Durham
23725,Irving Romaine
23729,Kwame Tucker
23742,Dwayne Leverock
23755,Saleem Mukuddem
23756,Delyone Borden
23758,Glenn Blakeney
23759,Jekon Edness
23760,Ryan Steede
23767,Desmond Chumney
23781,Jason Patraj
23797,Ashish Bagai
23799,Don Maxwell
23803,Zubin Surkari
23811,George Codrington
23824,Kevin Sandher
23826,Abdool Samad
23848,Austin Codrington
23850,Ian Billcliff
23852,John Davison
23856,Sanjayan Thuraisingam
23860,Sandeep Jyoti
23862,Karun Jethi
23865,Umar Bhatti
23866,Aftab Shamsudeen
23874,Trevin Bastiampillai
23879,Shaheed Keshvani
23887,Durand Soraine
23899,Ashif Mulla
24139,Tabarak Dar
24154,Roy Lamsam
24212,Hussain Butt
24230,Nadeem Ahmed
24237,John Mooney
24243,Peter Gillespie
24249,Ed Joyce
24251,Kyle McCallan
24261,Paul Mooney
24286,Andrew White
24289,Niall O'Brien
24298,Ryan Haire
24598,Eoin Morgan
24599,Boyd Rankin
24603,Dom Joyce
24605,Kevin O'Brien
24609,Gary Wilson
24611,William Porterfield
24616,Greg Thompson
24697,Jimmy Kamande
24701,Hitesh Modi
24703,Alfred Luseno
24705,Thomas Odoyo
24711,Lameck Onyango
24714,Kennedy Otieno
24716,Ragheb Aga
24719,Ravi Shah
24723,Tony Suji
24728,Steve Tikolo
24750,Morris Ouma
24752,Collins Obuya
24760,David Obuya
24762,Peter Ongondo
24768,Josephat Ababu
24770,Francis Otieno
24773,Rajesh Bhudia
24776,Brijal Patel
24784,Malhar Patel
24790,Tanmay Mishra
24882,Tim de Leede
24913,Geert-Maarten Mol
24923,Henk-Jan Mol
24943,Edgar Schiferli
24952,Jeroen Smits
24964,Daan van Bunge
24969,Luuk van Troost
24978,Adeel Raja
24990,Bas Zuiderent
24996,Atse Buurman
25022,Tom de Grooth
25023,Maurits van Nierop
25051,Mahuru Dai
25053,Chris Amini
25056,Assad Vala
25065,Jack Vare
25087,John Blain
25098,Dougie Lockhart
25102,Gregor Maiden
25112,Colin Smith
25115,Ian Stanger
25120,Fraser Watts
25123,Craig Wright
25129,Neil MacRae
25428,Ryan Watson
25430,Neil McCallum
25432,Paul Hoffmann
25433,Moneeb Iqbal
25434,Qasim Sheikh
25446,Kyle Coetzer
25451,Majid Haq
25471,Omer Hussain
25475,Ross Lyons
25476,Gordon Goudie
25481,Dewald Nel
25490,Richie Berrington
25589,Khurram Khan
25591,Arshad Ali
25601,Mohammad Tauqir
25613,Amjad Javed
25905,Khaliq Dad
25913,Mohammad Nabi
25955,Basant Regmi
25964,Shakti Gauchan
25967,Paras Khadka
25977,Sharad Vesawkar
26135,Kenneth Kamyuka
26184,Ajit Agarkar
26421,Ravichandran Ashwin
26806,S Badrinath
26826,Balaji Rao
26829,Lakshmipathy Balaji
27223,Stuart Binny
28081,MS Dhoni
28114,Rahul Dravid
28235,Shikhar Dhawan
28671,Faiz Fazal
28763,Gautam Gambhir
28779,Sourav Ganguly
29264,Harbhajan Singh
29646,Wasim Jaffer
29976,Joginder Sharma
29990,Mohammad Kaif
30045,Dinesh Karthik
30049,Murali Kartik
30102,Zaheer Khan
30176,Anil Kumble
30732,Praveen Kumar
30750,VVS Laxman
31034,Dinesh Mongia
31107,Amit Mishra
31820,Ashish Nehra
32091,Abhishek Nayar
32102,Naman Ojha
32130,Pragyan Ojha
32242,Parthiv Patel
32257,Timil Patel
32391,Ramesh Powar
32498,Yusuf Pathan
32540,Cheteshwar Pujara
32685,Irfan Pathan
32965,Munaf Patel
32966,Piyush Chawla
32973,Pankaj Singh
33141,Ambati Rayudu
33335,Suresh Raina
34102,Rohit Sharma
34274,Sreesanth
35263,Virender Sehwag
35280,RP Singh
35281,Vikram Singh
35320,Sachin Tendulkar
35390,Saurabh Tiwary
35565,Manoj Tiwary
35582,Robin Uthappa
35731,Vinay Kumar
35805,Venugopal Rao
36054,Jai Prakash Yadav
36084,Yuvraj Singh
36185,Nathan Astle
36192,Andre Adams
36326,Shane Bond
36331,Ian Butler
36383,Geoff Barnett
36581,Neil Broom
36590,Michael Bates
36592,Peter Borren
36597,Chris Cairns
36627,Craig Cumming
36632,Tama Canning
36948,Anton Devcich
36950,Brendon Diamanti
36993,Andrew Ellis
37000,Stephen Fleming
37004,James Franklin
37091,Peter Fulton
37095,Daniel Flynn
37111,Mark Gillespie
37228,Lance Hamilton
37248,Gareth Hopkins
37263,Paul Hitchcock
37265,Jamie How
37696,Hamish Marshall
37698,James Marshall
37700,Chris Martin
37701,Michael Mason
37712,Craig McMillan
37737,Brendon McCullum
37740,Kyle Mills
37749,Nathan McCullum
37770,Peter McGlashan
38005,Andy McKay
38058,Rob Nicol
38062,Jacob Oram
38108,Iain O'Brien
38111,Michael Papps
38141,Jeetan Patel
38261,Darron Reekers
38264,Aaron Redmond
38373,Jesse Ryder
38393,Mathew Sinclair
38407,Scott Styris
38418,Shanan Stewart
38620,Daryl Tuffey
38699,Ross Taylor
38710,Daniel Vettori
38714,Lou Vincent
38751,Jeff Wilson
38759,Regan West
38920,Luke Woodcock
38924,BJ Watling
38952,Peter Ingram
39005,Arshad Khan
39024,Azhar Mahmood
39037,Azhar Ali
39038,Adnan Akmal
39091,Abdur Rehman
39121,Afzaal Haider
39745,Amjad Ali
39821,Aizaz Cheema
39836,Abdul Razzaq
39898,Asif Iqbal
39940,Ashfaq Ahmed
39950,Abid Ali
39956,Bazid Khan
40043,Danish Kaneria
40082,Ehsan Khan
40088,Faisal Iqbal
40170,Fayyaz Ahmed
40250,Fawad Alam
40563,Imran Nazir
40570,Inzamam-ul-Haq
40582,Imran Farhat
40591,Iftikhar Anjum
40618,Imran Tahir
41028,Kamran Akmal
41046,Khalid Latif
41058,Kamran Hussain
41140,Khurram Manzoor
41224,Khurram Chohan
41324,Mohammad Sami
41378,Misbah-ul-Haq
41411,Mohammad Asif
41434,Mohammad Hafeez
41440,Mohammad Iqbal
41481,Mohammad Salman
41963,Mansoor Amjad
41984,Mohammad Nadeem
42059,Naumanullah
42106,Najeeb Amar
42160,Najaf Shah
42272,Naved-ul-Hasan
42321,Nasir Jamshed
42632,Shabbir Ahmed
42639,Shahid Afridi
42655,Shoaib Akhtar
42657,Shoaib Malik
42683,Salman Butt
42699,Saeed Ajmal
42746,Saqib Ali
43121,Shaiman Anwar
43265,Sohail Tanvir
43266,Sohaib Maqsood
43307,Tanvir Ahmed
43363,Taufeeq Umar
43515,Usman Mushtaq
43524,Umar Gul
43590,Wahab Riaz
43650,Mohammad Yousuf
43652,Younis Khan
43654,Yasir Arafat
43656,Yasir Hameed
43685,Yasir Shah
43726,Zahid Hussain
43735,Zahid Shah
43751,Zeeshan Siddiqi
43776,Zaheer Maqsood
43860,Zulqarnain Haider
43871,Zulfiqar Babar
43906,Hashim Amla
44014,John Anderson
44024,Adam Bacher
44089,Gulam Bodi
44091,Nicky Boje
44098,Loots Bosman
44102,Andre Botha
44111,Mark Boucher
44149,Johan Botha
44407,Wesley Barresi
44410,Farhaan Behardien
44493,Neil Carter
44708,Boeta Dippenaar
44752,Henry Davids
44828,Faf du Plessis
44851,Con de Lange
44932,Jean-Paul Duminy
44936,AB de Villiers
44956,Grant Elliott
45224,Herschelle Gibbs
45396,Andrew Hall
45705,Colin Ingram
45789,Jacques Kallis
45797,Justin Kemp
45888,Garnett Kruger
45949,Rory Kleinveldt
45963,Charl Langeveldt
46075,Johann Louw
46208,Neil McKenzie
46248,Albie Morkel
46393,Ryan McLaren
46538,Morne Morkel
46569,Andre Nel
46592,Makhaya Ntini
46681,Justin Ontong
46750,Robin Peterson
46774,Shaun Pollock
46788,Ashwell Prince
46797,Andrew Puttick
46934,Alviro Petersen
46942,Aaron Phangiso
46945,Vernon Philander
47015,Jacques Rudolph
47232,Billy Stelling
47270,Graeme Smith
47492,Dale Steyn
47539,Roger Telemachus
47623,Jonathan Trott
47660,Ryan ten Doeschate
47663,Thandi Tshabalala
47666,Lonwabo Tsotsobe
47693,Johan van der Wath
47711,Morne van Wyk
47846,Vaughn van Jaarsveld
47850,Roelof van der Merwe
48112,Monde Zondeki
48122,Russel Arnold
48124,Marvan Atapattu
48139,Ishara Amerasinghe
48284,Malinga Bandara
48321,Indika Batuwitarachchi
48369,Upul Chandana
48472,Tillakaratne Dilshan
48487,Dilhara Lokuhettige
48835,Dilhara Fernando
48967,Hasantha Fernando
49008,Akalanka Ganegama
49010,Avishka Gunawardene
49013,Manjula Guruge
49178,Rangana Herath
49209,Sanath Jayasuriya
49236,Prasanna Jayawardene
49289,Mahela Jayawardene
49363,Thilina Kandamby
49477,Kosala Kulasekara
49535,Nuwan Kulasekara
49557,Kaushal Lokuarachchi
49619,Suranga Lakmal
49633,Jehan Mubarak
49636,Muthiah Muralidaran
49638,Farveez Maharoof
49677,Thilan Thushara
49700,Jeevan Mendis
49758,Lasith Malinga
49764,Angelo Mathews
49868,Muthumudalige Pushpakumara
49870,Ruchira Perera
49920,Dilruwan Perera
50163,Dhammika Prasad
50205,Malinda Pushpakumara
50424,Thilan Samaraweera
50431,Chamara Silva
50438,Suraj Randiv
50460,Shadeep Silva
50710,Kumar Sangakkara
50747,Upul Tharanga
50802,Mahela Udawatte
50804,Chaminda Vaas
50809,Michael Vandort
50860,Kaushalya Weeraratne
50874,Malinda Warnapura
51019,Chanaka Welegedara
51050,Nuwan Zoysa
51232,Courtney Browne
51246,Ian Bradshaw
51248,Sulieman Benn
51258,Omari Banks
51292,Deighton Butler
51300,David Bernard
51431,Lionel Baker
51436,Tino Best
51437,Patrick Browne
51439,Dwayne Bravo
51446,Carlton Baugh
51469,Shivnarine Chanderpaul
51479,Pedro Collins
51481,Corey Collymore
51488,Anderson Cummins
51492,Sewnarine Chattergoon
51651,Mervyn Dillon
51659,Narsingh Deonarine
51660,Travis Dowlin
51738,Sunil Dhaniram
51739,Damodar Daesrath
51782,Fidel Edwards
51784,Rayad Emrit
51786,Kirk Edwards
51862,Andre Fletcher
51865,Shawn Findlay
51872,Daren Ganga
51880,Chris Gayle
52057,Wavell Hinds
52197,Danza Hyatt
52206,Sylvester Joseph
52280,Leon Johnson
52294,Reon King
52300,Eion Katchay
52337,Brian Lara
52343,Rawl Lewis
52413,Jermaine Lawson
52445,Runako Morton
52490,Dave Mohammed
52622,Nikita Miller
52626,Xavier Marshall
52681,Ricardo Powell
52687,Brenton Parchment
52790,Daren Powell
52808,Floyd Reifer
52833,Dale Richards
52912,Ravi Rampaul
52913,Ryan Ramdass
52917,Denesh Ramdin
52918,Austin Richards
52962,Devon Smith
52969,Ramnaresh Sarwan
52983,Marlon Samuels
53115,Daren Sammy
53116,Lendl Simmons
53118,Dwayne Smith
53153,Gavin Tonge
53191,Jerome Taylor
55259,Andy Blignaut
55269,Gary Brent
55307,Stuart Carlisle
55329,Charles Coventry
55343,Elton Chigumbura
55346,Graeme Cremer
55353,Michael Chinouya
55354,Chamu Chibhabha
55388,Keith Dabengwa
55391,Terry Duffin
55395,Colin de Grandhomme
55412,Craig Ervine
55416,Dion Ebrahim
55419,Gavin Ewing
55429,Grant Flower
55509,Douglas Hondo
55518,Ryan Higgins
55522,Anthony Ireland
55551,Friday Kasteni
55562,Greg Lamb
55573,Alester Maregwede
55597,Tino Mawoyo
55608,Hamilton Masakadza
55612,Stuart Matsikenyeri
55628,Blessing Mahwire
55633,Chris Mpofu
55641,Forster Mutizwa
55643,Tafadzwa Mufambisi
55652,Tawanda Mupariwa
55663,Mluleki Nkala
55666,John Nyumbu
55669,Ian Nicolson
55698,Ray Price
55705,Tinashe Panyangara
55736,Barney Rogers
55737,Piet Rinke
55740,Ed Rainsford
55761,Heath Streak
55782,Gregory Strydom
55787,Vusi Sibanda
55805,Tatenda Taibu
55814,Brendan Taylor
55820,Prosper Utseya
55822,Mark Vermeulen
55854,Craig Wishart
55870,Sean Williams
55872,Malcolm Waller
55882,Enamul Haque jnr
55883,Elias Sunny
55889,Faisal Hossain
55893,Fazle Mahmud
55894,Farhad Reza
55906,Habibul Bashar
55935,Javed Omar
55944,Jahurul Islam
55946,Zunaed Siddique
55952,Khaled Mahmud
55954,Khaled Mashud
55973,Mohammad Rafique
55988,Mohammad Ashraful
55991,Manzarul Islam
56007,Mashrafe Mortaza
56017,Mosharraf Hossain
56025,Mahmudullah
56029,Mushfiqur Rahim
56031,Mehrab Hossain jnr
56032,Mahbubul Alam
56054,Naeem Islam
56056,Nazmul Hossain
56059,Nazimuddin
56064,Nafees Iqbal
56074,Rajin Saleh
56093,Raqibul Hasan
56138,Sohrawordi Shuvo
56143,Shakib Al Hasan
56149,Shahadat Hossain
56153,Shahriar Nafees
56154,Shamsur Rahman
56160,Syed Rasel
56167,Ziaur Rahman
56176,Tapash Baisya
56186,Tushar Imran
56194,Tamim Iqbal
56208,Dhiman Ghosh
56209,Dolar Mahmud
56251,Alok Kapali
56266,Aftab Ahmed
56268,Arafat Sunny
56283,Abdur Razzak
208252,Skhawat Ali
208253,Irfan Ahmed
208380,Courtney Kruger
208657,Pieter Seelaar
208755,Tyson Gordon
209457,Chamara Kapugedera
210279,Andrew Poynter
210283,Steven Finn
211855,Liam Dawson
212175,Henry Osinde
212756,Sachith Pathirana
213674,Todd Astle
214695,Alexei Kervezee
214696,Eric Szwarczynski
215155,Usman Khawaja
216811,James Celestine
216920,Qaiser Ali
216996,Jacobi Robinson
219885,Tom Cooper
219889,David Warner
220519,Rameez Shahzad
220521,Fahad Alhashmi
220613,Munir Dar
221140,David Wiese
222320,Christiaan Jonker
222354,Milinda Siriwardana
222728,Asad Ali
223642,Rusty Theron
226492,Martin Guptill
226493,Hamish Bennett
227455,Robiul Islam
227712,Ashok Dinda
227758,Imad Wasim
227760,Sarfaraz Ahmed
227762,Sharjeel Khan
227771,Mohammad Talha
227772,Dimuth Karunaratne
228622,John Hastings
229225,Kashif Daud
230193,Matthew Wade
230371,Ben Cutting
230549,Jason Mohammed
230551,Gajanand Singh
230552,Nelon Pascal
230553,Kemar Roach
230555,Shamarh Brooks
230556,Andre McCarthy
230558,Sunil Narine
230559,Kieron Pollard
230852,Dean Elgar
230855,Craig Kieswetter
232285,Peter Forrest
232359,Colin Munro
232364,Tim Southee
232435,Calum MacLeod
232438,Gary Ballance
232442,Prince Masvaure
232443,Keegan Meth
232444,Taurai Muzarabani
232491,Anwar Ali
232730,James Hall
233258,Nisarg Patel
233400,Gyanendra Malla
233514,Thisara Perera
233712,Stephan Myburgh
233802,Ashan Priyanjan
233901,Shan Masood
234675,Ravindra Jadeja
235514,Brian Vitori
235516,Richmond Mutumbami
235519,Tendai Chisoro
235521,Tafadzwa Kamungozi
235524,Timycen Maruma
235532,Cephas Zhuwao
236489,Dawid Malan
236779,Ishant Sharma
237095,Murali Vijay
238612,Nehemiah Odhiambo
240609,Fawad Ahmed
243073,Mohammad Kashif
243942,Dave Langford-Smith
244497,Adil Rashid
244639,Harry Gurney
245166,Mudassar Bukhari
245186,Roger Whelan
245287,Kenny Carroll
245288,Thinus Fourie
245373,Anthony Martin
245397,Mark Jonkman
245490,Ahmed Raza
247008,George O'Brien
247009,Azeem Pitcher
247235,Chris Woakes
248920,Devon Thomas
249866,Alex Hales
252869,Stefan Kelly
252932,Kieran Powell
253802,Virat Kohli
254114,Hiren Varaiya
257574,Malachi Jones
259410,Ahmed Shehzad
259413,Raza-ur-Rehman
259551,Junaid Khan
260036,Tanwir Afzal
260519,Usman Salahuddin
261354,Nathan Coulter-Nile
265564,Wayne Parnell
267192,Steven Smith
267414,Shaminda Eranga
267454,Rodney Trott
267455,Rakep Patel
267724,Keshav Maharaj
268739,Ajantha Mendis
268740,Seekkuge Prasanna
268845,Lahiru Gamage
269237,Mohammad Mithun
269280,Reeza Hendricks
270484,James Faulkner
272262,Kane Richardson
272279,Nathan Lyon
272364,Phillip Hughes
272450,Mitchell Marsh
272465,James Pattinson
272473,Glenn Rogers
272477,Jason Behrendorff
272994,Rahul Sharma
273439,Sachithra Senanayake
274921,Veerasammy Permaul
274926,Adrian Barath
275943,Royston Crandon
276298,Andre Russell
276370,Jeremy Gordon
276539,Josclyn Pitcher
277472,Darren Bravo
277662,Corey Anderson
277906,Kane Williamson
277911,George Worker
277912,Trent Boult
277916,Ajinkya Rahane
277955,Dhawal Kulkarni
279531,Oronde Bascome
279710,Badal Singh
279810,Wriddhiman Saha
280490,JJ Smuts
280734,Imrul Kayes
281653,Adnan Mufti
288211,Umar Amin
288284,Josh Hazlewood
288305,Shafiul Islam
288992,Chris Jordan
290462,Solomon Mire
290630,Manish Pandey
290645,Krishna Chandran
290716,Kedar Jadhav
290727,Rishi Dhawan
290948,Mohammad Amir
291088,Zain Abbas
291844,Alex Obanda
292152,Jamie Atkinson
293031,Elijah Otieno
293831,Regis Chakabva
293983,Alex Cusack
295644,Gordon Drummond
296597,James Vince
297433,Jonny Bairstow
297488,Matt Machan
297517,Bradley Kruger
297524,David Murphy
297583,Kyle Abbott
297628,Sam Billings
297634,Stuart Meaker
297635,James Taylor
298195,Jan Stander
298197,Matthew Parker
298438,Jason Roy
299572,Sikandar Raza
299814,Shahzad Khan
299821,Mohsin Mulla
300617,Rony Talukdar
300618,Nasir Hossain
300619,Rubel Hossain
300624,Srimantha Wijeyeratne
300628,Dinesh Chandimal
300629,Angelo Perera
300631,Kusal Perera
301236,Lahiru Thirimanne
301847,Subashis Roy
302845,Tony Ura
302850,Willie Gavera
302875,Jason Kila
303341,Reinhardt Strydom
303349,Peter Connell
303412,Ryan Flannigan
303423,Andy Balbirnie
303427,Paul Stirling
303437,James Shannon
303508,Shane Getkate
303669,Joe Root
304735,Dilshan Munaweera
306982,Maurits Jonkman
307075,Ruvindu Gunasekera
307077,Rustam Bhatti
307235,Kyle Hodsoll
307449,Chris Douglas
307652,Noor-ul-Haq
307653,Shabir Noori
307657,Zakiullah Zaki
307756,Jatinder Singh
307808,Rohan Mustafa
308235,Javed Ahmadi
308251,David Willey
308294,Stuart Poynter
308410,Pikky Ya France
308418,Nelson Odhiambo
308515,Shem Ngoche
308691,James Ngoche
308794,Michael Swart
308798,D'Arcy Short
308967,Jos Buttler
310519,Scott Borthwick
310958,Abhimanyu Mithun
311158,Ben Stokes
311427,Hamid Hassan
311592,Mitchell Starc
313430,Calvert Hooper
313432,Arvind Kandappah
313526,Abdul Jabbar
314615,Jonathan Carter
314650,Nkrumah Bonner
315035,Sybrand Engelbrecht
315051,Dominic Wesonga
315232,Asif Khan
315586,Chadwick Walton
315594,Ashley Nurse
315623,Ben Laughlin
316102,Craig Williams
316397,Asad Shafiq
317248,Saad Nasim
317252,Sohail Khan
317273,Umar Akmal
317784,Sudeep Tyagi
318334,Nawroz Mangal
318337,Ahmed Shah
318339,Samiullah Shinwari
318340,Noor Ali Zadran
318788,Haris Sohail
318842,Khaya Zondo
318845,Rilee Rossouw
319439,Mitchell McClenaghan
319613,Aman Ali
319746,Shapoor Zadran
319758,Karim Sadiq
320281,Hasti Gul
320284,Raees Ahmadzai
320652,Asghar Afghan
321777,David Miller
323244,Rahat Ali
323389,Mohammad Rizwan
324358,Nuwan Pradeep
325012,Marcus Stoinis
325026,Glenn Maxwell
326016,Bhuvneshwar Kumar
326017,Siddarth Kaul
326434,Alex Carey
326632,Joe Burns
326637,Chris Lynn
326968,Michael Bracewell
327830,Dwaine Pretorius
328026,Isuru Udana
330223,Bernard Scholtz
330902,Mustafizur Rahman
331375,Hamish Rutherford
332921,Alawi Shukri
332937,Jahmar Hamilton
332978,John Reva
332980,Charles Amini
332996,Kyle Jarvis
333000,Peter Moor
333001,Tinotenda Mutombodzi
333066,Johnson Charles
333782,Timm van der Gugten
334337,Peter Handscomb
334340,Ian Holland
334621,Shadley van Schalkwyk
334946,Nizel Fernandes
337790,Rassie van der Dussen
341593,Devendra Bishoo
342182,Vikrant Shetty
342616,Kithuruwan Vithanage
342619,Bhanuka Rajapaksa
343305,Bilawal Bhatti
343529,Shingi Masakadza
343548,Raza Hasan
345821,Danushka Gunathilaka
345825,Chaturanga de Silva
348016,Irfan Karim
348024,Kraigg Brathwaite
348026,John Campbell
348034,George Dockrell
348037,Graeme McCarter
348049,Nasum Ahmed
348054,Sunil Ambris
348056,Kyle Mayers
348059,Barry McCarthy
348091,Kavem Hodge
348109,Paul van Meekeren
348129,Nitish Kumar
348133,Steven Taylor
348135,Nikhil Dutta
348144,Babar Azam
348148,Mohammad Nawaz
348154,Zafar Gohar
350629,Nizakat Khan
350632,Waqas Barkat
351588,Mark Wood
352048,Gulbadin Naib
352894,Seren Waters
353431,Rob Taylor
355107,Neil Kruger
355269,James Neesham
355583,Harvir Baidwan
359746,Saad Bin Zafar
360456,Asela Gunaratne
360911,Varun Aaron
361952,Rizwan Cheema
362079,Chaminda Bandara
362201,Lewis Gregory
362541,Doug Bracewell
362603,Shafiqullah
364300,Tim Gruijters
364302,Eddie Richardson
364329,Freddie Coleman
364330,Marc Petrie
364343,Craig Young
364788,Ben Foakes
365126,Ramesh David
366725,Oshada Fernando
370033,Anthony Hawkins-Kay
370034,Ben Stevens
370040,Jeffrey Vandersay
370535,Toby Roland-Jones
370846,Shahzaib Hasan
372116,Temba Bavuma
373439,Abul Hasan
373538,Sabbir Rahman
373696,Mominul Haque
376116,Umesh Yadav
376169,Michael Neser
377639,Tarun Nethula
378457,Mohammad Sanuth
379140,Devon Conway
379143,Quinton de Kock
379144,Graham Hume
379145,Tabraiz Shamsi
379504,Adam Zampa
379774,Colin Ackermann
379776,Sisanda Magala
379887,Lizaad Williams
379890,Chad Bowes
379927,Beuran Hendricks
380354,Anamul Haque
380956,Michael Rippon
380957,James Cameron-Dow
380974,Sunzamul Islam
381734,Fiqre Crockwell
381743,Daryl Mitchell
384518,Hammad Azam
384525,Zahoor Khan
384817,Andri Berenger
385938,Kaleem Sana
387420,Mirwais Ashraf
387435,Vani Morea
387845,Christi Viljoen
388802,Tom Latham
390752,Abdullah Mazari
391485,Jason Holder
391832,Roston Chase
392944,Natsai M'shangwe
392945,Donald Tiripano
398438,Mayank Agarwal
398439,Karun Nair
398513,Saurabh Netravalkar
398666,Sean Abbott
399259,Alasdair Evans
401057,Taijul Islam
401537,Kinchit Shah
401540,Aizaz Khan
402066,Sufyan Mehmood
402245,Amir Hamza
402247,Izatullah Dawlatzai
402992,Shuvagata Hom
403902,Liam Livingstone
406308,Nigel Jones
407265,Josh Davey
410765,Nurul Hasan
412321,Stuart Chalmers
413702,Berend Westdijk
414248,Hiral Patel
414249,Usman Limbada
414397,Hamza Tariq
414821,Stuart Thompson
414966,Michael Leask
414969,Charles Perchard
414970,Safyaan Sharif
414971,Craig Wallace
414973,Ollie Hairs
414985,Vinoo Tewarie
414990,Jake Ball
416103,Vivian Kingma
416190,Kjorn Ottley
417268,Matthew Cross
417381,Andy McBrine
418615,Jimmy Hansra
418617,Jawad Dawood
419873,Mohammad Shahzad
420341,Wilfred Diepeveen
420402,Afsar Zazai
420419,Tobias Visee
420427,Sese Bau
421892,Tanbir Hayder
422108,KL Rahul
422847,Harmeet Singh
422871,Prabath Jayasuriya
422965,Shehan Jayasuriya
424377,Krishnappa Gowtham
425639,Tendai Chatara
425943,Sanju Samson
427178,Brian Chari
428366,Lahiru Madushanka
429738,Lakshan Sandakan
429748,Amila Aponso
429754,Niroshan Dickwella
429981,Mohammad Irfan
430105,Jaskaran Malhotra
430246,Yuzvendra Chahal
431901,Evin Lewis
431902,Yannic Cariah
431905,Shane Dowrich
431909,Jermaine Blackwood
433614,Zahid Mahmood
434429,Aamer Yamin
436677,Soumya Sarkar
436749,Fayyaz Butt
436757,Heinrich Klaasen
437005,Binod Bhandari
437316,Dasun Shanaka
437927,Stephan Baard
438563,Mark Chapman
439288,Joe Mennie
439952,Chris Morris
440162,Lucas Oluoch
440516,Tom Blundell
440517,Dane Cleaver
440522,Logan van Beek
440523,Ben Wheeler
440963,Aftab Alam
440968,Yamin Ahmadzai
440970,Hashmatullah Shahidi
440977,Parth Desai
440990,Lega Siaka
443150,Kyle Hope
443263,Hayden Walsh
444135,Sohag Gazi
446101,Shannon Gabriel
446507,Suryakumar Yadav
446548,Scott Boland
446690,Pargat Singh
446807,Subash Khakurel
446810,Nazmul Islam
446860,Zhivago Groenewald
447261,Deepak Chahar
447290,Nasir Aziz
447458,Swapnil Patil
447587,Jayant Yadav
448243,Rumman Raees
450075,Kesrick Williams
450101,Raymon Reifer
450860,Adam Milne
451947,Milind Kumar
452472,Anshy Rath
453277,Victor Nyauchi
453289,Neville Madziva
453321,Tapiwa Mufudza
455463,Aamir Kaleem
457249,Carlos Brathwaite
457279,Olly Stone
458897,Ruaidhri Smith
459508,Andrew Tye
459752,Scott McKechnie
461281,Preston Mommsen
461632,Reece Topley
463215,Rory McCann
463217,Albert van der Merwe
464626,Craig Overton
465327,Innocent Kaia
465783,Vishwa Fernando
465793,Dhananjaya de Silva
465797,Tharindu Kaushal
466610,Bernard Loots
467420,Sean Terry
467426,Tom Heggelman
470699,Ben Cooper
470772,Andrew Umeed
470777,Gavin Main
470893,Dominic Blampied
470900,Michael English
470917,James McCollum
471342,Krunal Pandya
472153,Duncan Allan
474760,CP Rizwan
475281,Shardul Thakur
477021,Vijay Shankar
480603,Iftikhar Ahmed
481875,George Linde
481896,Mohammed Shami
481979,Anrich Nortje
482478,Jan Frylinck
485379,Andries Gous
489889,Pat Cummins
492924,Karl Whatham
493765,Takudzwanashe Kaitano
493773,Lockie Ferguson
494133,Runish Gudhka
494230,Asif Ali
494847,Junaid Siddiqui
495551,Sheldon Cottrell
495964,Ryan Burl
497121,Deepak Hooda
498440,Ronsford Beaton
498582,Jason Smith
498875,Bilal Asif
499592,Sandun Weerakkody
499594,Kasun Rajitha
500236,Darren Ramsammy
500268,Ashton Turner
501907,Daryn Dupavillon
502714,Mitchell Santner
505120,Ashton Agar
506612,Matt Henry
509107,Iain Wardlaw
510530,Jamie Overton
510823,Justin Greaves
511532,Al-Amin Hossain
512191,Fakhar Zaman
513005,Adeel Shafique
516561,Dawlat Zadran
518097,Ahsan Malik
519070,Gerhard Erasmus
521478,Rayyan Pathan
521637,Ben Duckett
524048,Nasir Jamal
524049,Najibullah Zadran
524050,Sayed Shirzad
524075,Tangeni Lungameni
524095,Sagar Pun
524247,Alei Nao
524249,Dogodo Bau
524253,Norman Vanua
524255,Kabua Morea
524845,Peter Chase
526021,Cole McConchie
526441,Mark Adair
526462,Jonty Jenner
526468,Elliot Miles
526481,Saqib Zulfiqar
526492,Tom Sole
529349,Dhiren Gondaria
530011,Travis Head
530811,Chandrapaul Hemraj
530812,Akeal Hosein
531953,Max Sorensen
532853,Smit Patel
533042,Billy Stanlake
533862,Mohammad Naveed
533953,Najeeb Tarakai
533956,Rahmat Shah
534734,Chirag Suri
535353,Ottneil Baartman
535393,Senuran Muthusamy
536936,Litton Das
537119,Mohit Sharma
537124,Gurkeerat Singh Mann
538506,Taskin Ahmed
539304,Babar Hayat
539305,Haseeb Amjad
539511,Henry Nicholls
539548,Scott Kuggeleijn
540316,Andile Phehlukwayo
541224,Luke Jongwe
541991,JP Kotze
542023,Lungi Ngidi
543449,Ajay Lalcheta
545467,Junior Dala
547079,Sami Aslam
547085,Syed Saad Ali
547092,Ehsan Adil
547749,Will Young
547760,Theo van Woerkom
547766,Jacob Duffy
550133,Mosaddek Hossain
550137,Abu Hider
550187,Zubayr Hamza
550215,Kagiso Rabada
550235,Tom Curran
552152,Dushmantha Chameera
552881,Elmore Hutchinson
553249,Bjorn Fortuin
553800,Chris Tremain
553821,JJ Smit
554691,Axar Patel
555850,Sam Hain
556749,Miguel Cummins
557295,Hilton Cartwright
557298,Daniel Worrall
559066,Ish Sodhi
559235,Kuldeep Yadav
568136,Fareed Ahmad
568276,Imam-ul-Haq
571703,Wellington Masakadza
573170,Luke Wood
574178,Akila Dananjaya
574287,Chad Soper
574638,Malan Kruger
577345,Michau du Preez
581160,Khary Pierre
581379,Shai Hope
585081,Khawar Ali
585083,Zeeshan Maqsood
585100,Abdul Shakoor
590326,Mitchell Swepson
594322,Corbin Bosch
594992,Murray Commins
594996,Ryan Klein
595004,Kyle Verreynne
595267,Matthew Breetzke
595419,Brandon Glover
595790,Nikolaas Davin
595921,Curtis Campher
595978,Tristan Stubbs
596002,Liam Roche
596010,Gerald Coetzee
596099,Dean Foxcroft
596375,Tarisai Musakanda
596376,Joylord Gumbie
596417,Brydon Carse
596664,Zane Green
600498,Aiden Markram
603410,Ben McDermott
604302,Nicholas Pooran
604527,Nitish Rana
605575,Matthew Short
605661,Ryan Rickelton
605680,Janneman Malan
623104,Kamran Shazad
623636,Kamran Ghulam
623695,Chamika Karunaratne
623977,Agha Salman
624813,Khalid Kail
625371,Hardik Pandya
625383,Jasprit Bumrah
625960,Kyle Jamieson
625964,Tim Seifert
626111,Salman Faris
627732,Stuart Whittingham
628240,Hussain Talat
629058,Najmul Hossain Shanto
629059,Yasir Ali
629063,Mehidy Hasan Miraz
629066,Jubair Hossain
629070,Mohammad Saifuddin
629074,Kusal Mendis
629075,Minod Bhanuka
629076,Sadeera Samarawickrama
629080,Binura Fernando
629084,Ramesh Mendis
633362,Sharafuddin Ashraf
633366,Shahidullah
633374,Zia-ur-Rehman
633410,Simandeep Singh
633426,Waqas Khan
633525,Sushan Bhari
633527,Harishankar Shah
637496,Gurdeep Singh
638713,Hamish Gardiner
642519,Shreyas Iyer
643197,Max O'Dowd
643885,Saqib Mahmood
646173,Kiplin Doriga
646175,Hiri Hiri
646181,Nosaina Pokana
646191,Gaudi Toka
646193,Riley Hekure
647667,Usama Mir
647771,Shayan Jahangir
652687,Saud Shakeel
653033,Priyamal Perera
653695,Matt Parkinson
659081,Mark Watt
659087,Jake Dunford
662235,Josh Inglis
662973,Sam Curran
665053,Zak Crawley
669365,Phil Salt
669855,Jofra Archer
670013,Fabian Allen
670025,Shimron Hetmyer
670031,Alzarri Joseph
670035,Brandon King
670045,Gudakesh Motie
671805,George Munsey
671823,Chris Sole
672775,Carl Mumba
677077,Romario Shepherd
677081,Keemo Paul
681117,Faheem Ashraf
681305,Hasan Ali
681681,Janith Liyanage
681801,Shakeel Ahmed
693975,Sahan Arachchige
694037,Pipi Raho
694211,Avesh Khan
696127,Brad Evans
696139,Ryan Murray
696143,Shane Snater
696401,Marco Jansen
697059,Zakir Hasan
697183,Tony de Zorzi
697279,Usman Shinwari
698143,Lutho Sipamla
698189,Wiaan Mulder
698317,Ruben Trumpelmann
698343,Eathan Bosch
700167,Navdeep Saini
701201,Lalit Bhandari
701211,Sunil Dhamala
701215,Sompal Kami
701217,Aarif Sheikh
703323,Ihsanullah
711559,Usman Ghani
713811,Tinashe Kamunhukamwe
714451,Shivam Dube
716733,Khushdil Shah
717099,Ankur Vasishta
718553,Ehsan Nawaz
719715,Washington Sundar
720471,Ishan Kishan
721041,Dushan Hemantha
723105,Rinku Singh
734459,Abrar Ahmed
738445,Mohammad Shahzad
740153,Ishwarjot Sohi
741143,Irfan Sajid
751151,Hamza Tahir
764321,Dylan Budge
772469,Usman Rafiq
772471,Jasdeep Singh
774219,Matthew Kuhnemann
774223,Jhye Richardson
779973,Saqlain Haider
784367,Charith Asalanka
784369,Avishka Fernando
784373,Kamindu Mendis
784375,Lahiru Kumara
784379,Wanindu Hasaranga
786925,Asitha Fernando
787987,Marnus Labuschagne
792519,Dhananjaya Lakshan
793007,Dilshan Madushanka
793411,Danish Aziz
793441,Aamer Jamal
793447,Naveen-ul-Haq
793457,Hazratullah Zazai
793463,Rashid Khan
793467,Karim Janat
794707,Dipendra Singh Airee
794713,Kushal Bhurtel
796331,Yodhin Punja
800675,Karan KC
801817,Mohamed Shiraz
806239,Brandon Mavuta
806241,Richard Ngarava
807535,Brad Wheal
817069,Navneet Dhaliwal
819429,Azmatullah Omarzai
819507,Abdul Rahman
820351,Rovman Powell
820677,Keacy Carty
820681,Amir Jangoo
820685,Nicholas Kirton
820691,Odean Smith
823509,Glenn Phillips
823703,Rajat Patidar
824159,Tayyab Tahir
824541,Jaker Ali
826679,Sam Heazlett
826689,Pramod Madushan
826915,Nathan Ellis
827023,Lo-handre Louwrens
827051,Blessing Muzarabani
833087,Mahedi Hasan
833777,Michael van Lingen
851403,Venkatesh Iyer
854909,Blair Tickner
873199,Chris Greaves
873205,Scott Cameron
873769,Sultan Ahmed
877051,Tom Banton
888455,Umair Ali
888565,Mehran Khan
892749,Tim David
897549,Will Jacks
906749,Dominic Drakes
906755,Keon Harding
906783,Obed McCoy
910695,Ben Curran
911707,Harry Brook
913853,Lalit Rajbanshi
914171,Qais Ahmad
914467,Anderson Phillip
914503,Harsh Thaker
914519,Chemar Holder
914541,Sherfane Rutherford
914567,Oshane Thomas
917159,Prasidh Krishna
919489,Shahid Wasif
919493,Christopher Carter
919527,Cameron McAuslan
919549,Tanveer Ahmed
921509,Ibrahim Zadran
922941,Abdullah Shafique
922943,Shadab Khan
926629,Hasan Mahmud
926851,Mukesh Kumar
927119,Ali Khan
927619,Khaled Ahmed
928015,Josh Clarkson
928057,Lorcan Tucker
928067,Josh Little
931581,Rishabh Pant
932355,Ebadot Hossain
935553,Ikram Alikhil
935995,Afif Hossain
936031,Bikram Sob
937673,Laxman Sreekumar
937953,Bilal Khan
938959,Wessly Madhevere
940593,Aqib Ilyas
940973,Mohammed Siraj
941959,Qadeer Ahmed
942645,Khaleel Ahmed
943275,Imran Haider
943281,Mohammed Qasim
946483,Nqabayomzi Peter
946507,Tadiwanashe Marumani
946517,Dion Myers
948437,Shaun Fouché
948593,Mihlali Mpongwana
948659,Jan-Izak de Villiers
949473,Brandon McMullen
950303,Ghulam Shabber
950309,Waheed Ahmed
951781,Milton Shumba
953793,Cameron Stevenson
956319,Ayaan Khan
957645,Aaron Jones
958691,Ashen Bandara
959759,Finn Allen
959767,Rachin Ravindra
959771,Nathan Smith
959823,Charlton Tshuma
959833,Wes Agar
960035,Daniel ter Braak
960361,Sandeep Lamichhane
961401,Stephen Doheny
961407,Harry Tector
962831,Henry Shipley
971349,Nandre Burger
974087,Rahmanullah Gurbaz
974109,Mujeeb Ur Rahman
974175,Fazalhaq Farooqi
974719,Muhammad Usman
990023,Tanzid Hasan
990031,Towhid Hridoy
990039,Shoriful Islam
990081,Mohammad Naim
1000791,Brad Currie
1005257,Simi Singh
1005369,Jacob Mulder
1012137,Mrittunjoy Chowdhury
1027779,Christopher McBride
1027781,Matthew Potts
1028655,Pathum Nissanka
1028665,Praveen Jayawickrama
1036191,Bas de Leede
1036197,Philippe Boissevain
1036209,Boris Gorlee
1038205,Trevor Gwandu
1039481,Gus Atkinson
1041679,Nosthush Kenjige
1043681,Shehan Madushanka
1045883,Clive Madande
1057456,Karl Birkenstock
1057762,Siddharth Bukkapatnam
1058508,Abinash Bohara
1058510,Anil Sah
1058514,Aasif Sheikh
1058938,Wasim Ali
1058987,Karthik Meiyappan
1058988,Jonathan Figy
1058989,Aryan Lakra
1058990,Ansh Tandon
1059030,Abdul Malik
1059122,Tanaka Chivanga
1060380,Ruturaj Gaikwad
1061090,Riaz Hassan
1061467,Dilon Heyliger
1062334,Matthew Spoors
1062706,Harrison Carlyon
1063728,Kyle Christie
1064812,Rahul Chahar
1069820,Ben Shikongo
1070168,Prithvi Shaw
1070173,Shubman Gill
1071473,Jan Nicol Loftie-Eaton
1071484,Brian Bennett
1071504,Michael Levitt
1072470,Shaheen Shah Afridi
1072472,Muhammad Musa
1072482,Kamal Airee
1072485,Pawan Sarraf
1072487,Bhim Sharki
1072488,Rohit Paudel
1074333,Nuwanidu Fernando
1076713,Cameron Green
1076722,Will Sutherland
1077307,Kaleemullah
1077309,Khurram Nawaz
1077310,Naseem Khushi
1078692,Alick Athanaze
1079434,Riyan Parag
1090591,Kishore Mahato
1093091,Michael Jones
1096092,Jamie Smith
1096833,Nestor Dhamba
1099225,Fionn Hand
1099379,Gareth Delany
1104697,Scott Currie
1104703,Fred Klaassen
1111123,Rijan Dhakal
1111473,Rishiv Joshi
1112212,Benjamin Ward
1112214,Daniel Birrell
1112220,Julius Sumerauer
1112535,Neil Rock
1112537,Jordan Cox
1115025,Semo Kamea
1115033,Simon Atai
1120355,Shahid Ahmadzai
1122557,Damien Ravu
1122851,Faraz Akram
1122853,Tony Munyonga
1123718,Spencer Johnson
1124282,Josh Philippe
1124283,Aaron Hardie
1125317,Lance Morris
1125536,Ben Lister
1125867,Mohammad Boota
1125976,Arshdeep Singh
1126002,Fahad Nawaz
1126045,Nishan Madushka
1126253,Amir Hayat
1126694,Darius D'Silva
1127317,Scott Edwards
1129328,Teja Nidamanuru
1131754,Chetan Sakariya
1136106,Jay Odedra
1138316,Maheesh Theekshana
1139028,Karima Gore
1139520,Tanzim Hasan Sakib
1139523,Rishad Hossain
1141934,Kushal Malla
1147980,Sagar Dhakal
1148466,Adrian Neill
1150684,Kyle Phillip
1150772,Tom Hartley
1151278,Yashasvi Jaiswal
1151288,Sai Sudharsan
1152427,Dunith Wellalage
1153767,Vikramjit Singh
1156689,Rahul Bhatia
1156690,Suraj Kumar
1158088,Naseem Shah
1158100,Mohammad Hasnain
1159641,Monank Patel
1159653,Ravinderpal Singh
1159711,Shahbaz Ahmed
1161018,Surya Tamang
1161022,Sundeep Jora
1161031,Saim Ayub
1161038,Alishan Sharafu
1161044,Shamim Hossain
1161050,Sediqullah Atal
1161606,Haris Rauf
1161669,Akeem Jordan
1163695,Kuldeep Sen
1167806,Muzahir Raza
1168049,Jake Fraser-McGurk
1168651,Haider Ali
1168667,Joshua Da Silva
1170265,Tilak Varma
1170471,Tanveer Sangha
1171127,Haseebullah Khan
1172968,Dan Mousley
1174024,Sandeep Goud
1175441,Ravi Bishnoi
1178065,Divan la Cock
1178066,Jan Balt
1178586,Vriitya Aravind
1179855,Pratis GC
1181708,Nick Greenwood
1182529,Noor Ahmad
1184439,Musa Ahmad
1185538,Mohammad Wasim
1186229,Hila Vare
1186658,Chamidu Wickramasinghe
1191381,Noah Croes
1193293,Akhil Kumar
1193304,Rahul Jariwala
1193310,Saiteja Mukkamalla
1193546,Adithya Ashok
1193548,Tim Pringle
1194744,Shevon Daniel
1194795,Matheesha Pathirana
1194959,Jacob Bethell
1195662,Gavin Hoey
1195664,Asa Tribe
1195667,Josh Lawrenson
1195670,Kyle Klein
1195672,Aryan Dutt
1195674,Tomas Mackintosh
1195676,Jasper Davidson
1195683,Liam Naylor
1196500,Zawar Farid
1199304,Jayden Seales
1199426,Irfan Khan
1199434,Nangeyalia Kharote
1199669,Ashwanth Valthapa
1199670,Sanchit Sharma
1200616,Clayton Floyd
1203754,Junaid Siddique
1203995,Shahnawaz Dahani
1205381,Akshay Homraj
1205559,Mohammad Haris
1206110,Kevin Sinclair
1206190,Shreyas Movva
1209110,Basil Hameed
1209190,Matthew Forde
1210488,Cooper Connolly
1210511,Nahid Rana
1211825,William O’Rourke
1212481,Mohammad Aadil Alam
1212829,Ali Naseer
1229251,Dilpreet Bajwa
1241238,Lovepreet Singh
1241253,Muhammad Zuhaib
1241265,Aayan Afzal Khan
1241271,Muhammad Farooq
1241277,Muhammad Waseem
1243738,Mitchell Hay
1246528,Umran Malik
1248188,Arjun Saud
1248357,Dev Khanal
1253822,Gulsan Jha
1256189,Vishnu Sukumaran
1256933,Dylan Leicher
1261866,John Turner
1263361,Matthew Humphreys
1263691,Rehan Ahmed
1266476,Charlie Tear
1275935,Teddy Bishop
1276393,Sushant Modani
1276395,Dominique Rikhi
1276396,Abhishek Paradkar
1276700,Shoaib Khan
1276719,Kashyap Prajapati
1276721,Pruthvikumar Machhi
1276921,Naveed Zadran
1277627,Sanjay Krishnamurthi
1278252,Shariz Ahmad
1278259,Oliver Davidson
1278263,Jack Jarvis
1282006,Samay Shrivastav
1290587,Basir Ahamad
1290929,Tim Robinson
1294031,Yasir Mohammad
1294141,Aryansh Sharma
1294144,Dhruv Parashar
1294342,Kwena Maphaka
1295879,John Kariko
1306214,Eshan Malinga
1310415,Jack Brassell
1312645,Harshit Rana
1323683,Aaron Johnson
1326798,AM Ghazanfar
1328438,Sabir Ali
1329697,Sufiyan Muqeem
1344776,Hazrat Bilal
1345983,Ethan D'Souza
1353033,Muhammad Jawadullah
1360042,Tinotenda Maposa
1387900,Uday Bhagwan
1388460,Rahul Chopra
1402600,Pratik Athavale
1409283,Newman Nyamhuri
1411891,Tanish Suri
1411895,Omid Shafi Rahman
1415052,Utkarsh Srivastava
1427052,Juanoy Drysdale
1443393,Karan Sonavale
1444109,Aaditya Varadarajan
1453642,Hammad Mirza
1456611,Hassnain Shah
1457849,Vinayak Shukla
1457977,Ashish Odedara
1472723,Hashir Dafedar
